{
  "msg": "성공",
  "data": [
    {
      "guest_no": 22,
      "guest_name": "simulation",
      "guest_date": "2023-09-17 18:32:31",
      "guest_email": "ㅇ",
      "guest_homepage": "ㅇ",
      "guest_title": "어쩌면 이세상은..........",
      "guest_content": "정교한 코드로 짜여진 또하나의 가상세계일지도 모른다. \r\n\r\n"
    },
    {
      "guest_no": 1,
      "guest_name": "323",
      "guest_date": "2023-09-13 18:09:59",
      "guest_email": "gfh",
      "guest_homepage": "stfghfring",
      "guest_title": "string",
      "guest_content": "string"
    }
  ],
  "status": 1
}