{
	"id": 2717242759,
	"connected_at": "2023-03-22T06:20:29Z",
	"kakao_account": {
		"profile_nickname_needs_agreement": false,
		"profile_image_needs_agreement": false,
		"profile": {
			"nickname": "김경호",
			"thumbnail_image_url": "http:\/\/k.kakaocdn.net\/dn\/dRK0M7\/btrYsai9oLx\/xXgccXzE3jBZfDEryf9Z8K\/img_110x110.jpg",
			"profile_image_url": "http:\/\/k.kakaocdn.net\/dn\/dRK0M7\/btrYsai9oLx\/xXgccXzE3jBZfDEryf9Z8K\/img_640x640.jpg",
			"is_default_image": false
		},
		"has_email": true,
		"email_needs_agreement": false,
		"is_email_valid": true,
		"is_email_verified": true,
		"email": "guard884@gmail.com"
	},
	"properties": {
		"nickname": "김경호",
		"profile_image": "http:\/\/k.kakaocdn.net\/dn\/dRK0M7\/btrYsai9oLx\/xXgccXzE3jBZfDEryf9Z8K\/img_640x640.jpg",
		"thumbnail_image": "http:\/\/k.kakaocdn.net\/dn\/dRK0M7\/btrYsai9oLx\/xXgccXzE3jBZfDEryf9Z8K\/img_110x110.jpg"
	}
}
		